{"loss": [0.4720890522003174, 0.16427433490753174, 0.12964554131031036, 0.10866017639636993, 0.09065539389848709, 0.0901697650551796, 0.07533528655767441, 0.061067331582307816, 0.05727972462773323, 0.053824711591005325], "accuracy": [0.8079551458358765, 0.9434117078781128, 0.9542099237442017, 0.964051365852356, 0.9686987400054932, 0.9710224270820618, 0.9767632484436035, 0.9789502620697021, 0.9805904626846313, 0.9835975766181946], "val_loss": [0.20640306174755096, 0.14557957649230957, 0.1553945392370224, 0.1198403462767601, 0.18948736786842346, 0.12863872945308685, 0.1398926079273224, 0.16374051570892334, 0.14631591737270355, 0.19936366379261017], "val_accuracy": [0.9387643337249756, 0.9688354134559631, 0.9617277383804321, 0.9699289202690125, 0.9617277383804321, 0.9699289202690125, 0.9671952128410339, 0.9546200037002563, 0.9732093811035156, 0.9688354134559631]}